as_location,occurrences
NULL,997010
"Author Provided",417010
"Table S2",296375
"Table S1",235443
"Data S1",219897
"Supplementary Table S5",111301
"Table S6",102476
"Supplemental Table 1",96108
"Supplementary Table S1",95179
"Table S4",87263
"Figures 4, 6, 7, and Table S3",83176
"Supplementary Table 2",73709
"Supplementary Table 1",70849
"Data S2",66454
"Tables S2, S4, S5, S9, S10",56128
"Supplemental Table S1",54338
"S1 Dataset",53689
"Table S3",51154
"Supplemental Table 2",48007
"Supplementary Data 1",46410
"Supplementary Table 4",44678
"Supplemental Tables",41747
"Supplementary Table 7",41359
"PRIDE Database: PXD020614",33959
"PRIDE Database: PXD023545",32848
"Supplemental Table III",32682
"Supplementary Tables S4, S5",28636
"Supporting Information S2",24071
"Supplementary Table 5",23443
"File S2",21898
"Supplemental Tables S1 and S2",19148
"Supplementary Data 2",17922
"Supplementary Table",16601
"Supplementary Table 6",14855
"Source data 3",14373
"Figure 1",14042
"Supplementary Table S6",12142
"Supplementary Table S11",11871
"Supplementary List 3",11625
"Supplemental Tables 1, 2, and 3",11433
"PRIDE ID:PXD021755",11039
"S1 Table",10068
"Supplementary Data 1 and 2",10024
"Table S8",9607
"Supplemental data S1",9579
"Supporting Table S8",9562
"Figures 1, 2, and S1",9292
"Tables S1, S2",8734
"Supplementary File SI-2",8714
"Supplementary Table S2",8081
"Supplementary Data",7911
"Supplementary Table S3",7701
"Table S7",7665
"Dataset S01",7137
"Supplemental data 1, 2, 3",6991
"Supplementary Table 3",6833
"Supplemental data 4, 5, 6",6738
"Supporting Table S2",6696
"Supplementary Table S9",6678
"Supplemental data S7",6671
PXD045025,6498
"Supplemental Table 3",6215
"Supplemental Table S7",5950
"Tables S I, II, III",5697
"Supplementary Data 3",5665
"Supplemental Tables 3, 4",5172
"Tables S1, S2, S3, and S4",4999
"Table S5",4527
"Supplementary Table S3, Supplementary Table S6",3925
"Table S12",3919
"Supplemental Table",3790
"Figure 2E-F",3706
"Figures 2, 3, 5, 7, S2, S3, S4, and Supplemental Tables 1, 2, 3, and 4",3454
"Supporting Table S3",3425
"Supplemental Table S3",3263
"Supplememtary Table 1",2839
"Supplementary Tables S1, S2, S3, S4, S5, and S6",2740
"Dataset S02",2359
"Supplementary Tables S5, S6",2350
"Supplemental Table 4",2305
"Table 1",2262
"Supporting Information S3",2216
"Tables S2, S3",2139
"Tables S2, S3, S4",2099
"Dataset S1",2020
"Supplementary Tables 5, 6",1798
"Supplementary Table S1, Supplementary Table S3, Supplementary Table S4, Supplementary Table S6",1722
"Table S3, Table S2",1718
"Dataset S03",1651
"Table 2",1641
"Supplementary Table S1, Supplementary Table S4",1631
"Author provided, figures 1, 2, 3 and table 1",1620
"Supplementary Table 5.2",1563
"Source data 2",1533
PXD032855,1513
"Table S9",1512
"Supplementary Table 5.3",1508
"Supplemental Table S2",1502
"Supplementary Table 1.1",1488
"Supplementary Table 5.1",1413
"Supporting Information S4",1345
"Supplementary Table 17",1316
"Supplementary Tables S1, S2, and S3",1238
"Supplementary Table 1.3",1139
"Supporting Tables S3, S9",1120
"Supplemental data S5",1078
"Supplementary Table 5.4",1044
"Supplementary Information",976
"Supplementary Table II",931
"Supplementary Table 3.8",919
"Supplementary 1",871
"Supplemental Tables S2,S3",856
"Supplementary Table 3.8, Supplementary Table 5.4",801
"Supporting Table S9",795
"Supplementary Table I",774
"Supplementary Tables 3, 4",754
"Supplementary Tables 1, 2",721
"Supplementary Table 3.6",699
"Figure S5 and author communication",662
"Figure 2",654
"Supplementary Table S4",613
"Supplementary Table S2, Supplementary Table S3, Supplementary Table S5, Supplementary Table S6",608
"Dataset S4",601
"Supplementary Table 3.7, Supplementary Table 3.8, Supplementary Table 5.4",533
"Table S3, Table S1, Table S2",514
"Supplementary Table 3.1, Supplementary Table 3.2, Supplementary Table 5.1",512
"Supplementary Table 13",509
"Supplementary Table S2, Supplementary Table S5",498
"Table S3, Figure 1",492
"Figure 2, Table S2",486
"Figure 1 and Supporting Information Figure 1",447
"Supplementary Tables 1, 2, 3, 4",444
"Supplementary Table 3.2",440
"Supporting Information Table 1 and figure 4",415
"Dataset EV1",415
"Tables 1 and S1",414
"Source data 5",414
"Dataset S3",410
"Table I",399
"Supplementary data 4",385
"Supplemental Tables S2, S3, and S4",378
"Natural ligands of B27 figure",376
"Supplementary Table 3.2, Supplementary Table 5.1",372
"Table 1, Supplemental figures 3, 4",369
"Table 3",354
"Supplemtal data",332
"Supplementary Table 1.1, Supplementary Table 1.3",328
"Table II",317
"Supplementary Table 3.3, Supplementary Table 3.4, Supplementary Table 5.3",302
"Source data 6",285
"Supplementary Table 1.1, Supplementary Table 1.2",281
"Supplementary Table S1, Supplementary Table S2, Supplementary Table S4, Supplementary Table S5",279
"Supplementary Table 1.1, Supplementary Table 1.2, Supplementary Table 1.3",272
"Table S2 and S4",259
"Supplementary Table 3.1",250
"Supplementary Table 3.5, Supplementary Table 3.6, Supplementary Table 5.2",247
"Supplementary Table 3.3",243
"Supplementary Data Table 1",236
"Supplementary Table 3.4, Supplementary Table 5.3",232
"Supplementary Figure 1",217
"Supplementary Table 3.1, Supplementary Table 3.2",206
"Table 2 and Online Supplementary Table S1",202
"Supplemental Figure S2",202
"Supplementary file 2",195
"Supplementary Tables 1, 3",195
"Supplementary data Figure 3, Table 1",193
"Table S1, Table 2",193
"Source data 4",192
"Figure 4C",191
"Supporting Table S1",188
"Supplementary Data S3",182
"Supplemental Table 7",178
"Figure 3",177
"Figure 4",175
"Electronic supplementary material",175
"Supplemental Tables S3 and S4",172
"Figure 1, Figure S1, Author communication",172
"Supplemental Data 1",171
"Supplementary Table 3.6, Supplementary Table 5.2",166
"Source data 7",160
"Supplementary Tables 2, 4",154
"Figures 1, 3 and Table E1",151
"Figure 1 and Table 1",148
"Source data 10",146
"Table III",142
"Supplementary Data S1",141
"Supplementary Tables S1, S3, S4, S5, and S6",136
"Table S1 and Figure 5",135
"Supplementary Table 12",135
"Supplementary Table S3, Supplementary Table S4, Supplementary Table S6",134
"Table S2 and Figure 2",130
"Tables S1 and S2",130
"Supplementary Data 2, 3",130
"Figure 4 and Supporting Information Figure 4",129
"Figure 3 and Table S1",123
"Table S3, Table S1",115
"Figure 5",114
"Supplementary Table 3.7",113
"Supplementary Table 3.5, Supplementary Table 5.2",113
"Supplementary Table 3.7, Supplementary Table 3.8",113
"Figure 1, Table 1",112
"Supplementary Table S1, Supplementary Table S3",112
"Supplemental Data 2, 3",112
"Table S2 A",111
"Supplementary Tables 2, 4, 6",109
"Supplementary Data 1 and 2 and Figure 3",108
"Figure S2",107
"Supplementary Tables 1 and 4",107
"Supplementary Tables 3, 4, 5, 6",107
"Table S2 B",102
"Supplementary Table 3.3, Supplementary Table 5.3",101
"Table S10",100
"Supplementary Table 3.5",100
"Table 4",99
"Table 6.1",98
"Table S2, Table S1",97
"Supplementary Table 3.1, Supplementary Table 5.1",95
"Supplemental Tables S1 and S9",93
"Supplementary Table 3.4",93
"Supplementary Data 1, 2",91
"Text p. 873",90
"Supplementary Table S3, Supplementary Table S5, Supplementary Table S6",89
"Supplementary file 1",89
"Supplementary Table S1, Supplementary Table S3, Supplementary Table S4",81
"Figure 2, Supplemental Data 1",79
"Supplementary Table SII",76
"Tables S2 and S3",76
"Table 6",75
"Supplementary Table S1, Supplementary Table S3, Supplementary Table S6",75
"Tables 1,2,3,4",74
"Supplementary Table S1, Supplementary Table S4, Supplementary Table S6",74
"Supplementary Table S1, Supplementary Table S2, Supplementary Table S3",73
"Supporting Information Table S3",72
"Table IV",71
"Supplementary Table 1 and Figure",71
"Table I and Supplemental data S2",70
"Table 2, Figure 4, and Supplementary Tables S2 and S4",69
"Figure 4 and Supplementary Figure 1",67
"Table 2, Supplementary Table 2",66
"Supplementary Tables 4, 6",64
"Supplementary Data 1, 3",64
"Table S3, Supplementary Figure 2B",63
"Figure 3, Table I",63
"Figures 1, S1 and Table 1",63
"Supplementary Tables S1, S2, S3, S4, and S6",63
"Supplementary Tables 2 and 4",62
"Table S1, Table 4",62
"Table 3 and Supplementary data Figure 3, Table 1",58
"Tables S1 and S6 and Figure S8",58
"Table 1 and Supplementary Table 1",56
"Tables 3 and S4",55
"Supplementary Tables S2, S3, S4, S5, and S6",53
"Supplemental Table S4",53
"Supplementary File 1 and author provided data",52
"Supplementary Table S1, Supplementary Table S4, Supplementary Table S5",52
"Supplementary Tables 3, 5",51
"Tables S1, S2, and S3",51
"Table 1 and supplementary table 2",49
"Table 5, Figures 1, 2",49
"Table I and Figure 1",49
"Figure 6",48
"Supplementary Table S4, Supplementary Table S6",47
"Supplementary Table S2, Supplementary Table S3",47
"Table 6.2",46
"Figure 2 and table 1",46
"Table 1 and Figure S1",46
"Supplementary Data S1, Data S2",46
"Additional file 2",44
"Figures 3, S3",44
"Tables 1 and S2",42
"Supplementary Table S2, Supplementary Table S3, Supplementary Table S6",42
"Supporting Information Table 3 and figure 4",41
"Data S4",41
"Figure 1 and table 2",40
"Supplementary Tables S1 and S5",40
"Supplemental data S1 and S5",40
"Tables S2 and S7",40
"Table 1, Figure 3, Supplemental Figure S2",39
"Table 1 and Figure 2",39
"Supplementary Table S2, Supplementary Table S5, Supplementary Table S6",39
"Supplementary Tables S1, S2, S3, S5, and S6",39
"Supplementary Table 15",39
"Table 3, Figures 1 and 2",38
"Supplementary Table 3.7, Supplementary Table 5.4",38
"Supplementary Table S4, Supplementary Table S5, Supplementary Table S6",37
"Figure S3 and Table S3",36
"Tables 1, S1",36
"Table 1 and  Figure 3",35
"Figures 2 and 4",34
"Supplementary Tables 2, 3",34
"Table I, Figures 4, 5, 6 and 8",34
"Figure 4B",33
"Supplementary Table S1B",33
"Supplementary Tables S1, S2, S4, S5, and S6",33
"Table 5",32
"Supplementary Table S1A",32
"Supplementary Table 3.3, Supplementary Table 3.4",31
"Supplementary Table 3.5, Supplementary Table 3.6",30
"Supplementary Table 10",30
"Supplemental Data 3, Table 1",30
"Table S1, Table 1",29
"Table S4, Supplemental data 4, 5, 6",29
"Tables S4, S2 and Figure 3",29
"Supplementary Tables 1, 2, 3, 4, 5, 6",29
"Supplemental Tables 2, 3",29
"Supplementary Table S5, Supplementary Table S6",29
"Supplementary table S7",28
"Table 1 and Supplemental Tables S3 and S4 and Figure S4",28
"Figure 1 and Table 4",28
"Table 1 and Additional file 2",28
"Data S1, S2",28
"Supplementary Table S1, Supplementary Table S2",28
"Table 4, Figures 1 and 2",27
"Table 3 and Supplementary Table 1",27
"Extended Data Figure 1",27
"Supplementary Table 11",27
"Table 1 and Figure 3",26
"Supplementary Table I, II",26
"Supplementary Table S4, Supplementary Table S5",26
"Supplemental Table 1, Table 2",26
"Figure 3, Table E1",25
"Table 2, Figures 1 and 2",25
"Table S1, S4",25
"Figure 6 and Supplementary Table 2",25
"Data S3, S4",24
"Supplementary Table S3, Supplementary Table S4, Supplementary Table S5, Supplementary Table S6",24
"Figure 1, Table S4, Figs. S10, S11",23
"Table S1 and Figure 3",23
"Supplementary Data 1, 2, 3",23
"Figure 1 and Table I",22
"Figure 1 and Table 3",22
"Supplementary Table 1.2",22
"Table 2 and Supplementary Table II",21
"Tables II, S2, S4, S5",21
"Supplementary Table S2, Supplementary Table S3, Supplementary Table S5",21
"Tables S1 and S3",21
"Figure 4 and Supplemetary Table 5",21
"Supplementary Tables S1, S2, S3, S4, and S5",21
"Table 1, Figure 1",20
"Figure 1 and Table 8",20
"Supplementary Table S1 and Table 1",20
"Tables I and II",20
"Supplementary Tables 1, 3, 5",20
"Supplementary Table S1, Supplementary Table S2, Supplementary Table S4",20
"Supporting Table S2, Figure 7",20
"Figure 1 and Table II",19
"Supplementary Table 2 and Figure S3",19
"Figure 7",18
"Figures 2 and 4 and Table II",18
"Table 2 and Supplementary data Figure 3, Table 1",18
"Supplementary Table S2, Supplementary Table S4, Supplementary Table S5",18
"Table 1, Figure S1",18
"Supplementary Table 2 and Supplementary Figure 6",18
"Table S1, Table 3",18
"Table S1 and Figures 5 and 6",17
"Table 2 and Online Supplementary Table S1 and S2",17
"Table III and Figure 1",17
"Supplementary Data 2 and Figure 2",17
"Figure 1 and  File S2",17
"Table  I",16
"Table 1, Figures 1A, 2A",16
"Tables 1 and 2",16
"Figures 4, 5, 6 and 8",16
"Figure 1, Table I",16
"Supplementary Table 9",16
"Table 1, Supplementary Table 1 and Figure 4",16
"Data S3",16
"Tables 1, S2",16
"Table 3 and Supplementary Table S5",16
"Table I and Figure 2",15
"Tables I, S2, S4",15
"Figures 1,2,3, Table I",15
"Supplementary Material Figure S7",15
"Supplementary Table S1, Supplementary Table S2, Supplementary Table S3, Supplementary Table S4",15
"Table 2 and Online Supplementary Table S1 and S3",14
"Table S2, Figures 2 and 3",14
"Supplementary Table S1 and Table 2",14
"Table II and Figure 1",14
"Supplementary Table 1.2, Supplementary Table 1.3",14
"Table VII",13
"Supplementary Tables 2 and 4 and Figure S6",13
"Figures 1 and 2",13
"Suplementary Figure S1",13
"Tables S2 and S6",13
"Figure 5, Supplementary Tables S1 and S3",13
"Table IV and Figure 1",12
"Tables I and II and Figure 1",12
"Table S2 and Figure S4",12
"Table 1, Supplementary Data S3",12
"Tables 2, S1",12
"Supplementary Table S1, Supplementary Table S2, Supplementary Table S5",12
"Figure 3, Supplementary Figures 6, 7",12
"Figure S3 and Table S5",12
"Figures 2 and 3",11
"Figure 1, Table II",11
"Table 1, Figures 1, 2",11
"Figure 1, Table 5",11
"Supplementary Information Table 1",11
"Figure S6",11
"Text page 4738 and Table 1",11
"Table 1, Supplementary Figure 1",11
"Figures 8, S2 and Table S6",11
"Supplementary Table S1, Supplementary Table S4, Supplementary Table S5, Supplementary Table S6",11
"Table 1, Supplemental Data 1, and 2",11
"Figures 4 and 5",10
"Text in p.10",10
"Supplementary Table 3 and Figure 5",10
"Tables III, S I, II, III",10
"Figure 2 and File S2",10
"Tables 4 and 5",9
"Figure 2B",9
"Figure 1, Supplemental information",9
"Table 1 and Figure 4",9
"Figure 5 and S5",9
"Supplementary Table S2, Supplementary Table S4, Supplementary Table S5, Supplementary Table S6",8
"Table 1, Figures 2, 3, and 4 and Supplemental Figures S1 and S2",8
"Table 1, Supplementary Data S1",8
"Tables S2 and S9",8
"Supplementary Table S3, Supplementary Table S4",8
"Supplementary Table S1, Supplementary Table S2, Supplementary Table S3, Supplementary Table S6",8
"Figure 2 and Table 2",8
"Figure S3 and Table S4",8
"Supplementary Tables 1 and 4 and Figure S6",7
"Figure 4 and Supplementary Table 2",7
"Figure S1",7
"Supplementary Table S3, Supplementary Table S5",7
"Figure 2 and Table S3",7
"Table 1, Figure S2",7
"Supplementary List 3, Supplementary Figure 2",7
"Supplemental Table 1, Figure 6",7
"Extended Data Figure 2 and Table S3",7
"Figure 3 and Supplementary Table 2",6
"Table 2 and Figure 2",6
"Figure 2 and Table II",6
"Figure 1, Table III",6
"Table 2 and text page 3,979",6
"Figure 3 and Supplementary Table 4",6
"Table 2 and Supplementary Data 1",6
"Figures 1, 2 and Table 1",6
"Figure 2 and Table 3",6
"Supplemental Table 1, Figure S2",6
"Figure S3",6
"Figure 5, Table II",6
"Supplementary Tables 1, 2, 5, 6",6
"Figure 3, Table 1",6
"Supplementary Figure 3",6
"Figure 3 and Supplementary Figure 2",6
"Supplementary List 3, Figure 8",6
"Supplementary Table S1, Supplementary Table S2, Supplementary Table S3, Supplementary Table S5",6
"Figure 2, Table 1 (D)",5
"Figures 4 and 5, Table 2",5
"Table II and Figure 2",5
"Table 2 and Online Supplementary Table S1, S2 and S3",5
"Figures 1, 5, 6, and Table 1",5
"Figure 1 and 5 and Tables 1 and 2",5
"Figure 3B",5
"Table S4, Figure 4",5
"Supplementary 2",5
"Table 2 and Supplementary Table 1",5
"Supplemental data S1, Supplemental data S5",5
"Table I and Figure 5",5
"Figure 2, Table 2B",5
"Supplementary Tables 3 and 6",5
"Figure 2 ans Table S3",5
"Table S1 and Figure 2",5
"Figures 3, 9, S1, S3 and Table S3",5
"Figure 2, Supplemental Table 1",5
"Supplementary List 3, Figure 9",5
"Figure 4 and PRIDE ID:PXD021755",5
"Supplementary Table S1, Supplementary Table S5",5
"Table S1 and Supplemental Figures 1, 2",5
"Supplementary Tables S5, S7",5
"Tables 1, 2",5
"Figure 1 and Dataset 1",5
"Figure 3 and Table 2",4
"Supplemental Tables 1 and 2",4
"Figure 8C",4
"Figure 5, Supplementary Figure 13 and Supplementary Table 4",4
"Tables 2 and 3 and Supplementary data Figure 3, Table 1",4
"Supporting Information Tables 1 and 3, figure 4",4
"Figures 5 and 6",4
"Figures 2B and 5",4
"Table 2, Figure 2",4
"Table 1A",4
"Table 3 and Supplemental Figure 1",4
"Text page 2471",4
"Figure S7",4
"Figure 5 and Supplementary Table 1 and Figure",4
"Figures 5 and S6 and Table S10",4
"Figure 5 and Table S10",4
"Supplementary Figure 1 and figure 4",4
"Tables 3 and S4 and Figures 4, S4",4
"Table 1, and text p. 4836",4
"Supplementary Figure 2 and Supplementary Table 1",4
"Figures 2 and S3 and Table S3",4
"Table S1 and Figures 5, 6, and S5",4
"Table S1 and Figures 5 and S5",4
"Figure 3 and PRIDE ID:PXD021755",4
"Supplementary Table S1, Supplementary Table S3, Supplementary Table S5",4
"Supplementary Table S1, Supplementary Table S6",4
"Supporting Tables S3, S9, Figure 7",4
"Figure 2 and Supplementary Figures 2 and 6",4
"Supplementary Figure S3C",4
"Supplemental Data 2, 3, Table 1",4
"Supplementary Data 1, 2, and Figure 2",4
"Figure 3, Table 2",3
"Figures 1, 4, 6, and Table 1",3
"Figure 1, 4, 6, and Table 1",3
"Figures 1, 4, 5, 6, and Table 1",3
"Figures 1 and 4 and Supplementary Table 1",3
"Figure 8",3
"Figure 3 and Supplementary Table 3",3
"Figure 1, Tables I and III",3
"Supplementary Table I, Table I, II",3
"Figure 3 and Table 1",3
"Figure S5",3
Text,3
"Table 1, Figure 1B",3
"Table V",3
"Figure 3C",3
"Figures 1 and 2, Table 2",3
"Figures 1, 2, and 3",3
"Table 2 and Figure S5",3
"Figures 1, 3 and 5 , table 2",3
"Figure S2 and Table 2",3
"Figure S4 and Table 2",3
"Figure 1, Supplementary Table 1 and Supplementary Figures 3 and 4",3
"Figure 3a",3
"Figure 2, Table 1",3
"Supplemental Table 1, Figure S3",3
"Figure 5 and Table S3",3
"Tables 2 and 3",3
"Supplementary Table 4, and Figure 4",3
"Table S3 and Figure 2",3
"Table S1 and Extended Data Figure 2",3
"Figure 1 and Table 6",3
"Supplementary Tables S6, S7",3
"Table 1, Supplementary Data S1, Data S2",3
"Extended Data Figure 4 and Table S3",3
"Supplementary Table S1, Supplementary Table S2, Supplementary Table S4, Supplementary Table S6",3
"Supplementary Table S1, Supplementary Table S3, Supplementary Table S5, Supplementary Table S6",3
"Supplementary Table S2, Supplementary Table S3, Supplementary Table S4, Supplementary Table S5",3
"Supplementary Figure 6",3
"Table 1 and Figure S2",3
"Figures 1, 2, table 1",3
"Supplemental Figure 3",3
"Figure 7, Table 3",2
"Figures 1, 2, and Table1",2
"Figure 1 and Supplementary Figure 1",2
"Table S1, S2, Figures 2 and 3",2
"Figure 3 and Supplementary Figure 10",2
"Figure 1, Supplementary Table 1 and Supplementary Figures 5 and 6",2
"Table 1, Figure 2, Supplementary Table I",2
"Figures 1, S1 and text p. 886",2
"Figure 3 and Table S4",2
"Figure S8",2
"Supplementary Table S1 and Tables 1 and 2",2
"Table 1, Figure 3",2
"Supplementary Table 1 and Figure 1",2
"Figure 1 and Supplementary Data Table 1",2
"Table S1 and Figure S1",2
"Figure 5, Table 2, and Supplementary data Figure 3, Table 1",2
"Supplementary Figure S1",2
"Figures S1 and S14 and Table S1",2
"Results page 907",2
"Figures 1, 2 and 3",2
"Figures 1-4",2
"page 997",2
"Figures 1 and 4",2
"Figures 2B and 6",2
"Table 1 and Figure 1",2
"Figures 1, 2, 3",2
"Text page 256",2
"Table 1, Figure 1C",2
"Table 1 and Figures 4 and 5",2
"Figure 4 and Text p. 12036",2
"Figures 1 and 3",2
"Text page 318",2
"Figures 3 and 5",2
"Text page 1175",2
"Figures 3, 4",2
"Figure 3D",2
"Table 2 and Supplementary Table 3",2
"Table 2 and Supplementary Table 4",2
"Figure 2 and Supplementary Table 1 and Figure",2
"Figure 4 and Table 5",2
"Figures 1 and S1",2
"Figures 5, S5, and Table S3",2
"Figure 5 and text page 1791",2
"Table S1, Figure S1",2
"Table S1, S2 and Figure 2",2
"Figure 1A",2
"Figures 1 and 3, table 2",2
"Figures 4 and 5 , table 2",2
"Figure S3 and Table 2",2
"Figures 5, 6, 7, and 8",2
"Figures 2, 3, Table 1",2
"Figure 2 and Supplementary Table 1",2
"Table 1 and figure 7",2
"Table 2 and Figure 1",2
"Table 1 and Figures S1 and S2",2
"Figures 4, 5 and Table II",2
"Table S2 and Figure 3",2
"Table S2 and Figure 4",2
"Supplementary Figure 2",2
"Table 3 and Figure S1",2
"Figure 2, Supplementary Table 3 and Supplementary Figure 8",2
"Table 1, Supplementary Table 1, Figures 3 and 4",2
"Table S1 and Figures 5 and S1",2
"Figure 1, Supplemental Table 1",2
"Figure S14",2
"Supplementary Table S2, Supplementary Table S4",2
"Supplementary Table S2, Supplementary Table S6",2
"Extended Data Figure 2",2
"Table S1 and Figure 1 and Supplemental Figure 1",2
"Tables 1, S1, S2",2
"Supplementary Table 1 and Figure 3",2
"Table S1, Table 1, Figure 2",2
"Figure S13",2
"Supplemental Table 1, Figure 2",2
"Text p. 278",2
"Figure 6B",2
"Figure S5 and Table 2",2
"Figure S1 and Table S1",2
"Figure 1, Supplementary Figure 1",2
"Figures 7, Table 3",1
"Figure s 2 and 3",1
"Supplementary Table 3, Table 1",1
"Supplemental Tables 3 and 4",1
"Figure 4 and Supplementary Table 1",1
"Table 2 and Figure 5",1
"Supplementary Table 1, Figure 5",1
"Table 1, Figure 3, Supplementary Table I",1
"Table 1, Figure 4, Supplementary Table I",1
"Table 5 and Supplementary Table 1",1
"Table 1, S1 and Figures S13-S22",1
"Table 1, S1 and Figure S23",1
"Table 1, S1 and Figures S24-S30",1
"Table S1 and Fgure S31",1
"Table S1 and Fgures S32-S33",1
"Table S1 and Fgures S34-S35",1
"Table S1 and Fgure S36",1
"Supplementary Tables 2 and 4 and Figure S2",1
"Supplementary Table S1 and S5",1
"Table 2, Figure 4, and Supplementary Tables S2 and S4 and Figure S1",1
"Figure 5 and Supplementary data Figure 3",1
"Table S3 and Materials and Methods p. 14",1
"Figure 5 and Table 1",1
"Supplementary Tables S1, S2, and S3 and Figure 2",1
"Figure 2 and Supplementary Tables S1, S2, and S3",1
"Figures 2 and 4 and Table 6",1
"Figures 2 and 4, Table 6",1
"Tables 4 and 6",1
"Supplementary Table 2, Table 2",1
"Supplemental Figures S9-S11",1
"Supplementary Table S3, Supplementary Table S4, Supplementary Table S5",1
"Text p.6361",1
"Figure 6a",1
"Figures 2B, 5 and 6",1
"Table S5, Table S1",1
"Figures 3 and  4",1
"Figures 3, 4, 5, and 6 and Table 2",1
"Figures 3,4, 5, and 6 and Table 2",1
"Figures 6 and 7",1
"Figure 1, 4, and Table 1",1
"Table S1 and Figure S42",1
"Table S1 and Figure S43",1
"Table S1 and Figures S44-S46",1
"Table S1 and Figures S47-S48",1
"Table 1, S1 and Figure S5",1
"Table 1, S1 and Figures S6-S7",1
"Table 1, S1 and Figures S8-12",1
"Supplemental Figure 1",1
"Figures 2, 3, 4",1
Supplementary,1
Abstract,1
"Tables 1 and 2, Figure 2-4",1
"Figures 3, 4 and 5",1
"Figures 4-7",1
"Tables V, VII and VIII",1
"Supplementary Table 1 and Figure5",1
"Supplementary Table 1 and Figure6",1
"Supplementary Table 1 and Figure7",1
"Supplementary Table 1 and Figure9, Supplementary Table 1 and Figure8",1
"Supplementary Table 20",1
"Supplementary Table 8",1
"Supplementary Table 1 and Figure0",1
"Supplementary Table 1 and Figure1",1
"Supplementary Table 1 and Figure2",1
"Supplementary Table 1 and Figure4, Supplementary Table 1 and Figure3",1
"Figure S16",1
"Table S4, Figure 3",1
"Table 1 and Figure 1A",1
"Table 1 and Figure 1B",1
"Figures 5, S5",1
"Table S1 and Fgures S37-S38",1
"Table S1 and Fgure S39",1
"Table S1 and Fgure S40",1
"Table S1 and Figure S41",1
"Supplemental data S1 and  S5",1
"Tables 2 and 6",1
"Figure 1 and Table 1 and Supplemenraty Figure 1",1
"Figure 1, Supplementary Table 2",1
"Supplemental dataS1 and S5",1
"Supplemental data S1 ans S5",1
"Figures 1, S-2 and Table S1",1
"Figure S-7 and Table S1",1
"Figures 1, S-3 and Table S1",1
"Figure S-8 and Table S1",1
"Figures 1, S-4 and Table S1",1
"Figures 1, S-5 and Table S1",1
"Figure S-6 and Table S1",1
"Table 1 and Figure 4B",1
"Tables 1 and 2 and Figure 3",1
"Figures 1, 3 and Table 2",1
"Table 1 and Suppl Figure 3",1
"Table 1 and Suppl Figure 4",1
"Table 1 and Suppl Figure 5",1
"Table 1 and Suppl Figure 6",1
"Table 1 and Figures 1, 2, and 3",1
"Table 1 and Suppl Figure 1",1
"Table 1 and Suppl Figure 2",1
"Figures 3 and 5 , table 2",1
"Figure S3, S5 and Table 2",1
"Figures 3 and 4",1
"Figures 2, 3, 4, and 5",1
"Figure 7 and Table I",1
"Figure 6 and Table I",1
"Figures 2, 3, 5 and 9",1
"Figure 2C",1
"Figure 4E",1
"Figure 9",1
"Figures 3, 5",1
"Figures 1, 2, and 9",1
"Table I and Figures 5, 6",1
"Figures 1-6, Table 1",1
"Figures 1, 4 and Table 1",1
"Table 2 and Supplementary Table 5",1
"Figure 3B,F",1
"Figure 3C,G",1
"Figure 3D, H",1
"Figure 3A,E",1
"Figure 2E",1
"Supplemental Table and Figure S9",1
"Supplemental Table and Figure S8",1
"Supplemental Table and Figure S7",1
"Table S1 and Figures 4, 5 6, and S6",1
"Table S1 and Figures 4, 5 and 6",1
"Table S1 and Figures 3 and 5",1
"Table S1 and Figures 4, 5, and S6",1
"Table S1 and Figures 3, 4, 5, 7, S6, and S7",1
"Supplementary Table 4, and Figure 3",1
"Figures 2, 3, and 6",1
"Figures 2, S5 and S6",1
"Supplementary Figure 9",1
"Fig. 2a, Extended Data Fig. 6a and Supplementary Data 1",1
"Table 2, Supplementary Table 5",1
"Table 2 and Figure 4",1
"Table S1 and Figures 4 and S6",1
"Supplementary Figures 18, 19 and Supplementary Table 19",1
"Table S1 and Figures 4 and 5",1
"Tables S2, S6, and S9",1
"Table S2 and S6",1
"Supplementary Data S3, Data S2",1
"Table 1 and Figure 5",1
"Figures 3, 6",1
"Figures 3, 4 and PRIDE ID:PXD021755",1
"Table 1 and Figures 2 and S1",1
"Supplementary Table S2, Supplementary Table S3, Supplementary Table S4",1
"Supplementary Table S1, Supplementary Table S3, Supplementary Table S4, Supplementary Table S5",1
"Supplementary Table 15, Supplementary Table 13",1
"Figures 1 and 2 and Supplementary Figures 1, 3, and 6",1
"Tables 2,S1",1
"Supplementary Table S1, Supplementary Table S2, Supplementary Table S5, Supplementary Table S6",1
"Supplementary Table S2, Supplementary Table S3, Supplementary Table S4, Supplementary Table S6",1
"Table 2, Figure 3",1
"Extended Data Figure 4",1
"Table S1 and Supplemental Figure 1",1
"Table S2, Figure 3",1
"Table S1, Tables S1, S2",1
"Figure 3, Extended Data Figure 2 and Supplementary Figure 6",1
"Supplemental data S1, Supplemental data S1 and S5",1
"Supplementary Table 1, 19 and Supplementary Figures 16 and 17",1
"Supplementary Table 17 and Supplementary Figures 20 and 21",1
"Supplementary Figure 4",1
"Figures S1, S2, S3 and S4",1
"Figure 5 and Supplementary Table 4",1
"Supplementary Figure S6",1
"Figures 2 and 3, table III",1
"Supplemental Figures 1 and 2",1
"Supplementary Tables 2 and 4 and Figures S2, S3 and S6",1
"Figure 5C and S3 Fig",1
"Figures 2, 3, 4 and 7",1
"Extended Data Figure 2 and PXD045025",1
"Figures 2, 3",1
"Figures 1, 2, 3 and 9",1
"Figure 5B",1
"Figures 4 and 6, Table II",1
Methods,1
"Figures 3, 4, and 6A",1
"Figure 1, S1 and Dataset 1",1
"Figure 1, S1 and  Dataset 1",1
"Figures 1, 2, 4",1
"Figure 2 and Supplementalary Figure 1",1
